﻿<?xml version="1.0" encoding="utf-8" ?>
<configuration>
  <configSections>
    <section name="log4net"
      type="log4net.Config.Log4NetConfigurationSectionHandler,log4net-net-2.0"/>
  </configSections>
  <log4net>
    <root>
      <level value="ALL" />
      <appender-ref ref="LogFileAppender" />
    </root>

    <logger name="Idc.Logger" additivity="false">
      <appender-ref ref="LogFileAppender" />
    </logger>

    <!--Log File Setting-->
    <appender name ="LogFileAppender" type="log4net.Appender.RollingFileAppender">
      <param name="File" value ="Log\Trace-"/>
      <param name="AppendToFile" value="true" />
      <param name="MaxSizeRollBackups" value="100" />
      <param name="MaxFileSize" value="10240" />
      <param name="StaticLogFileName" value="false" />
      <param name="DatePattern" value="yyyy.MM.dd'.log'" />
      <param name="RollingStyle" value ="Date" />

      <layout type="log4net.Layout.PatternLayout">
        <param name="ConversionPattern" value="%date{yyyy-MM-dd HH:mm:ss,fff} %-5p : %m%n"/>
      </layout>

      <!--FATAL > ERROR > WARN > INFO > DEBUG-->
      <filter type="log4net.Filter.LevelRangeFilter">
        <param name="LevelMin" value="WARN" />
        <param name="LevelMax" value="FATAL" />
      </filter>
    </appender>


  </log4net>
</configuration>